{
  "training_set": {
    "n": 600,
    "mean": -0.857818067073822,
    "std": 0.05432348698377609,
    "band_2sigma": [
      -0.9664650410413742,
      -0.7491710931062698
    ]
  },
  "trajectories": [
    {
      "init_id": 1571,
      "n_frames": 502,
      "duration_ps": 50.2,
      "mean": -0.8315008878707886,
      "std": 0.0528622567653656,
      "min": -1.049243688583374,
      "max": -0.7500994205474854,
      "frac_outside_2sigma": 0.049800796812749,
      "delta_vs_train_mean": 0.026317179203033447
    },
    {
      "init_id": 3376,
      "n_frames": 502,
      "duration_ps": 50.2,
      "mean": -1.220600962638855,
      "std": 0.286722868680954,
      "min": -1.6552085876464844,
      "max": -0.7371284365653992,
      "frac_outside_2sigma": 0.7609561752988048,
      "delta_vs_train_mean": -0.36278289556503296
    },
    {
      "init_id": 7419,
      "n_frames": 502,
      "duration_ps": 50.2,
      "mean": -1.4562186002731323,
      "std": 0.2905781865119934,
      "min": -1.803772211074829,
      "max": -0.7728447318077087,
      "frac_outside_2sigma": 0.8944223107569721,
      "delta_vs_train_mean": -0.5984005331993103
    },
    {
      "init_id": 9524,
      "n_frames": 502,
      "duration_ps": 50.2,
      "mean": -1.3787386417388916,
      "std": 0.36557355523109436,
      "min": -1.810072898864746,
      "max": -0.7676060199737549,
      "frac_outside_2sigma": 0.7290836653386454,
      "delta_vs_train_mean": -0.5209205746650696
    }
  ]
}